0,00265845371639653;
0,00325294247839236;
0,00250393496615294;
0,00129824523987502;
0,00133579005848528;
0,00191187311928713;
0,00233703702136964;
0,00299125660069481;
0,00386022074089426;
0,00418780062068337;
0,00315628151664223;
0,00202785339779498;
0,00221771109826444;
0,00279895920468454;
0,0031368670547992;
0,00364252467060678;
0,00364583165882321;
0,00289413465969904;
0,00212208047710301;
0,00133215644329125;
0,000776133632784407;
0,00116010952708888;
0,00215833858608537;
0,00232962310428275;
0,00152151070748627;
0,00134205784275015;
0,00205911832999869;
0,00233091639414061;
0,00224235074638742;
0,00323616036980532;
0,00450358558551809;
0,00400072222136429;
0,00264981177472146;
0,00223744494115415;
0,0024306502773224;
0,00252206375501163;
0,00267760295697509;
0,00307155180130284;
0,00321247596436158;
0,00316006759039136;
0,00285779981084632;
0,00161944857454696;
0,00130429735409229;
0,00302915995888737;
0,00342792536336047;
0,0017352538510466;
0,00142774480462879;
0,00267310171740424;
0,00250853591194001;
0,00165648830872718;
0,00221035173682228;
0,00230633065215589;
0,00146939146535175;
0,00144176488911386;
0,00172691201820768;
0,00216993111993443;
0,00250114778403855;
0,00195022976400985;
0,0021820051327592;
0,00301464389641219;
0,00276521225885136;
0,00307811607109091;
0,00392807155335966;
0,00291179091812883;
0,00150713312154551;
0,00183628745696447;
0,00235869194303815;
0,00234237419309468;
0,0021599636210365;
0,00122344252461435;
0,000806927594988297;
0,00179762854525872;
0,00247344851880577;
0,00252003386053859;
0,00257571386105709;
0,00163908364684507;
5,29018227816804E-6;
-0,00036896266124996;
0,00011847299014737;
8,69384383144286E-5;
0,000438101775516262;
0,00171098508199946;
0,00235097656964293;
0,00244418088629483;
0,0023624068927946;
0,000813175874960666;
-0,000537098684594759;
-8,75420932182471E-5;
0,000231294558320091;
-6,63512994288114E-5;
-5,4328012303021E-5;
4,63252046472524E-5;
-9,05386763930555E-8;
-1,64285917982733E-5;
6,91345599101249E-6;
0,00037929643550069;
0,00150401347110463;
0,00231158113803376;
0,00214981462598347;
0,00224696819148862;
0,00248023756929776;
0,00204713076196933;
0,00109558271348715;
0,000356034523783716;
0,00113025825622936;
0,00192700261207048;
0,000805813760028304;
0,000179528636334189;
0,00145521645641237;
0,00219085599441797;
0,00167111998545539;
0,00135381130716126;
0,00149523910550501;
0,0019060062517898;
0,00280320817841685;
0,00398585210158931;
0,00435999560011946;
0,00313993142137374;
0,0017066872260096;
0,00138101482730468;
0,00111315812005068;
0,000952661631261412;
0,00199205050072103;
0,00329388609796799;
0,00443389021822185;
0,00506566637925072;
0,00289234186283354;
-0,000794101788892652;
-0,00121924260954438;
0,00156588718641702;
0,00464174618719337;
0,0064355283889838;
0,00516907827748;
0,00238294334231133;
0,00130380948641333;
0,00124437497475301;
0,00115367533116312;
0,00155843496336596;
0,00262090222839572;
0,00334739762788651;
0,00220621146267299;
0,000334682027960311;
2,07231189312384E-5;
0,000914453166771954;
0,00184380660828769;
0,00304935996433339;
0,00379292542595387;
0,0026617702242922;
0,00149053789971671;
0,0009553235405446;
-0,000138207807281773;
0,000141770570643575;
0,00301190486647629;
0,00525032190892435;
0,00334344253214577;
0,00108033844821829;
0,00218681787259017;
0,00229638589220205;
0,000952964860688353;
0,00157289172923767;
0,00241844989293344;
0,00229336090678419;
0,00250718800927333;
0,00281231345220353;
0,00286666259159109;
0,00233388289512071;
0,00100182447730452;
0,000314496667696315;
0,000660153287210461;
0,00113915070327431;
0,00141417237602835;
0,00103392430240945;
0,00078114347862231;
0,0018717090501421;
0,00315789231681998;
0,00330261544687889;
0,00247405185751421;
0,00137619609036697;
0,00106538108964549;
0,00159768966380582;
0,00201648989306222;
0,00238314943801906;
0,0027489547966115;
0,00242229302624001;
0,00177730433454989;
0,00127887998608194;
0,000790696105485731;
0,00111517792927697;
0,00227522015465014;
0,0025311878641281;
0,00153088473931464;
0,000711882934852145;
0,00112170772173868;
0,00229050609727227;
0,0025240469804016;
0,00220249030905504;
0,00261583527293756;
0,0024683538172807;
0,00162885853100808;
0,00152513032246342;
0,00163377023712465;
0,00134844410693436;
0,00155156942669115;
0,00267760609432965;
0,0035261357830917;
0,00336537782928187;
0,0029427940746461;
0,00218747373181865;
0,00130535503358811;
0,00132581212129421;
0,00163450397700373;
0,00209323861058405;
0,00310840710369246;
0,00337787652905788;
0,00232923929392716;
0,00135242268947101;
0,00155934391832816;
0,00205207683251611;
0,00197058724383725;
0,00190791841870605;
0,00202913196803653;
0,00197450177022731;
0,00181730604891458;
0,00189290138678812;
0,00202841287976313;
-0,0177686364979338;
-0,0693003348033442;
-0,0902519696427387;
-0,0416651295320948;
0,0227544515650651;
0,0550586334091845;
0,0386985377644792;
0,0118372627049203;
0,0153475158325069;
0,00771094978069668;
-0,0173772840176785;
-0,0236762598240979;
-0,0195035761664104;
-0,00648968723049325;
0,00292431236776839;
-0,0231781684544048;
-0,0629787862053536;
-0,0844720444677571;
-0,0856415478731111;
-0,0748363225360584;
-0,0701809656675488;
-0,0680922054133627;
-0,0513742553528343;
-0,0378928803390963;
-0,0585675798575114;
-0,0999128024316618;
-0,121825337141483;
-0,114738705743619;
-0,0769159151657322;
-0,0179731864128758;
-0,00287975095268296;
-0,0362150060213838;
-0,0458040177462206;
-0,0364513275296946;
-0,0286997675684892;
0,00259275247981584;
0,0929335517056294;
0,215859525659499;
0,215400839188056;
0,109695470212334;
0,0641740964421236;
0,0327566480746484;
-0,00775788227677581;
0,00387511171571595;
0,00778458059331195;
-0,00688308353189038;
0,00512896603527521;
0,00894447824655654;
-0,00866389804909185;
-0,00487804409753821;
0,0142306533126617;
0,0096984747281679;
-0,0069509373855356;
-0,00423528630144587;
0,00826481529796068;
0,00830546803886721;
-0,00147131901247265;
-0,00595744675303902;
0,00169444324270366;
0,0102579344661954;
0,00502134176855625;
-0,00543881484312134;
-0,0042446533175317;
-0,034553709802463;
-0,200664377502506;
-0,472946440893143;
-0,503468377962473;
0,0493709309367433;
0,629834110697719;
0,377904573310465;
-0,170174302316322;
-0,191054835473955;
-0,00629798951380352;
0,0274367271350642;
-0,00965442918187602;
-0,0390933150383853;
-0,0176066029118769;
0,0399604453731725;
0,0819813845636145;
0,136562621857194;
0,235620371229814;
0,296662819317674;
0,29566938802525;
0,318549504744136;
0,36178839578455;
0,361592411227837;
0,329885661734565;
0,253300796470212;
0,165197675701745;
0,252368627503947;
0,425520185373669;
0,414320787275297;
0,30462948522887;
0,256525512821097;
0,269279921975522;
0,363308059520692;
0,501106524097971;
0,592100102052607;
0,635968553823144;
0,657153809448896;
0,670710962586294;
0,68858198883596;
0,684010064783147;
0,681986243029547;
0,731136532552467;
0,786642232993796;
0,782754110486939;
0,731205002089837;
0,718187351388646;
0,775529084781538;
0,824775166505371;
0,804163826382409;
0,697754272967749;
0,562480473575453;
0,574377014648079;
0,769352888241456;
0,905584355441034;
0,857131976935618;
0,774888232484101;
0,738218965527717;
0,690357945562883;
0,66332892859576;
0,708725444612132;
0,755467821509221;
0,746362828311919;
0,72241640957452;
0,718003265052533;
0,737734077008681;
0,776504176255283;
0,806282863781666;
0,810315803736619;
0,773502077898926;
0,722000605309333;
0,761776595361667;
0,845691305259751;
0,750334096584252;
0,547217725868802;
0,643868762262417;
0,947645719286404;
0,946161178424406;
0,830759967269008;
0,978813006843997;
1,07105694759692;
0,916211475478712;
0,76139436852998;
0,65720241242601;
0,537482197018436;
0,46781407748193;
0,436964743839069;
0,364505476062636;
0,311802749714851;
0,350014042601592;
0,401952542907001;
0,422628988825722;
0,468272702154341;
0,489273535415564;
0,339971624903;
0,00285625965089999;
-0,357409662569568;
-0,526327380419274;
-0,458686910618871;
-0,307770537472384;
-0,200043436611381;
-0,136213778433031;
-0,112252385658493;
-0,194589419701304;
-0,386384627996395;
-0,58101035523899;
-0,712033311416326;
-0,761343205549211;
-0,715914019160172;
-0,627809676336598;
-0,555268840471949;
-0,495117324085745;
-0,45565785883272;
-0,453899509606131;
-0,46661755212543;
-0,462223609002698;
-0,433824265334178;
-0,401550827978223;
-0,387526146847559;
-0,388440098064539;
-0,386643760552055;
-0,377295960017714;
-0,377203970117105;
-0,408461100168197;
-0,472683171720658;
-0,523436570939101;
-0,490601643025018;
-0,366671522461375;
-0,217603039897698;
-0,103655566447033;
-0,0427168664754407;
-0,0351152043674503;
-0,0706019855071032;
-0,122208547119205;
-0,162919264712855;
-0,158386314299536;
-0,0961560670314352;
-0,0321840005709013;
-0,0053210898748256;
0,0169318586613574;
0,0617280218849042;
0,110184071396079;
0,130295662861298;
0,11876232433843;
0,103075316912833;
0,108665133756066;
0,120717512796963;
0,112034912213337;
0,0963593041428918;
0,0923809221807595;
0,0906755757602232;
0,0879322678926443;
0,0975313757622511;
0,122348088373873;
0,144523727035661;
0,142308514575872;
0,131456755562733;
0,133047332628638;
0,124505477971283;
0,101792705372571;
0,0753557155081904;
0,049869439296708;
0,0668490741641328;
0,131948575758269;
0,172397678832446;
0,151966146297821;
0,119857171355758;
0,122198238187558;
0,105855449071489;
0,0217389450653039;
-0,0274761807298998;
0,00073179025315332;
0,00994283565812248;
0,0418999171280244;
0,173805562571005;
0,271529360912299;
0,24082661956563;
0,191714549878292;
0,191680552496791;
0,20867069609669;
0,22238895263047;
0,196219187229614;
0,0993294506952501;
0,0319657374895394;
0,108172888170963;
0,227453401420924;
0,241210377573069;
0,189629338138402;
0,165236628184248;
0,16385533726146;
0,160736707072382;
0,159804032217755;
0,159885169859613;
0,157710100023586;
0,155612429766759;
0,155948463192339;
0,151524136599997;
0,124981149764518;
0,0896017978402683;
0,0907960140552154;
0,12819515616817;
0,153241552971269;
0,161769106246146;
0,181514266710321;
0,205065816921592;
0,229220542108437;
0,270830865249344;
0,305205176721018;
0,289645126481219;
0,24620482112234;
0,232282624452087;
0,251269229949933;
0,279738986263126;
0,292351557371816;
0,260029122765396;
0,228844465181985;
0,24727059884126;
0,282719059255331;
0,262936418624715;
0,164670578107269;
0,123743219119972;
0,189442993922507;
0,227284788919515;
0,162643123483679;
0,0262589944999132;
-0,0388466106079763;
0,00219177571608777;
0,0136415066519191;
0,0799021402394653;
0,284271180676157;
0,353468488795569;
0,229380916106939;
0,182506430777366;
0,164154243034169;
0,0307817150763672;
-0,0435411657373377;
0,00290896636400109;
0,0149530010289761;
-0,00740719519415916;
-0,00219501569918565;
0,00354949837897686;
-0,000706080493906134;
-0,000965980852818802;
0,077792213708535;
0,24646300598817;
0,285081053736977;
0,184248349708966;
0,175505204472407;
0,167136549746977;
0,0292067275426386;
-0,0442014290694749;
0,00378651083362637;
0,0148136047666668;
-0,00765969591352859;
-0,00203986984188368;
0,00357429106044648;
-0,000771615254924118;
-0,000947343047941154;
0,000671079410142807;
5,56426038773122E-5;
-0,000261838974095349;
8,98948208931134E-5;
5,54168296963676E-5;
0,0856591625007898;
0,302870157422916;
0,436772382444593;
0,414038391760509;
0,426151210997097;
0,513024155454367;
0,617837877867104;
0,68090212708642;
0,671971202141957;
0,663569173275944;
0,674124247197775;
0,643396872269168;
0,540924717551455;
0,433251056809575;
0,454218227461804;
0,422231447086085;
0,098537515943985;
-0,112636223948606;
-0,0003141186418187;
0,0421424326460568;
0,208648878204921;
0,768074942247379;
1,05931204733494;
0,897692665837972;
0,873236360512891;
0,725750350303401;
0,120372690035174;
-0,184816360583063;
0,0150541121979304;
0,0624866538561802;
0,199928223530056;
0,792735985511652;
1,12584394666973;
1,00670810663675;
1,0382201082828;
1,11768666866935;
0,994351255886125;
0,933515124920175;
0,994210148345741;
1,00665946914445;
0,980841735832025;
0,972383416803205;
0,976007229930515;
0,986651724908973;
0,994336606522948;
0,967361470203872;
0,891354750109097;
0,841704798185333;
0,868031718321072;
0,928063292876275;
0,991797426337658;
1,04525051730281;
1,075022559819;
1,07390159958565;
1,0432848962245;
1,00306669577346;
0,966607354719957;
0,92674172008891;
0,87108110334848;
0,799920222216553;
0,551664166480979;
0,0791113527402472;
-0,132244250779017;
0,0119114286876933;
0,0444494023609596;
0,111732389532928;
0,43273862180549;
0,531343295921657;
0,306622078103589;
0,169339359606106;
0,125413782649622;
0,0639151459630658;
0,0591815517435893;
0,0989666219102524;
0,11142692274612;
0,0609048633556896;
-0,041262858637055;
-0,14557477648286;
-0,221234151951847;
-0,273193228990101;
-0,313617127414457;
-0,359215198655317;
-0,427690606391257;
-0,49888064437553;
-0,506861579990893;
-0,339628662798724;
-0,039090684439681;
0,0790455468782426;
-0,0100201933935419;
-0,0253556287301489;
-0,095717569905461;
-0,369870108200029;
-0,494908161140441;
-0,385149482449464;
-0,358441996190494;
-0,309570095815607;
-0,0562283820255248;
0,0801356564513116;
-0,00511320418358373;
-0,0276831308425811;
-0,0174396866837788;
-0,109159138810811;
-0,174883566852327;
-0,143511565636867;
-0,092699721018139;
-0,0453464464089244;
0,0241465375340515;
0,103836479230904;
0,149647791325695;
0,153328594710428;
0,152187178204047;
0,161243893175308;
0,166875125548362;
0,149707280684721;
0,123519081945128;
0,0918044129418399;
0,0216689427222546;
-0,0233085372003653;
-0,00085338189941834;
0,00910394413753044;
0,0713895799138608;
0,258323752075977;
0,351216584928815;
0,275693807537873;
0,25424737163265;
0,318059958507197;
0,352684473160082;
0,362094160090233;
0,377967215268419;
0,388698018545272;
0,384719155740758;
0,352319089965998;
0,299475449788774;
0,281237505962781;
0,289109897770774;
0,209048345726855;
0,0299960986903327;
-0,0497561205706869;
0,00430043905413945;
0,0168154020914407;
0,0520303290865088;
0,205331810089631;
0,289474255212948;
0,251413046844879;
0,248190279853271;
0,26555425294465;
0,222072155001576;
0,172474008633681;
0,156180339193148;
0,136562051366614;
0,12002571917172;
0,135501465146909;
0,164802763498793;
0,178955372587509;
0,182269590381899;
0,188136618120184;
0,197593711589573;
0,212462353686228;
0,217468509813932;
0,208653101023631;
0,214023477600343;
0,229194439959663;
0,23311080834344;
0,232334540187273;
0,219817208171419;
0,180591693578616;
0,143903343220541;
0,145620781638693;
0,150614069308084;
0,131948753002869;
0,10057990878643;
0,0285997507353951;
-0,025400869513449;
-0,00306296411873735;
0,0108717378708308;
0,0422045252286207;
0,141681125424724;
0,179542366123531;
0,169806764308918;
0,232922338883042;
0,282845750222817;
0,26601335621203;
0,268274825897104;
0,297744370778317;
0,3117448487391;
0,31255812243206;
0,305371187252731;
0,293412859844454;
0,296730771295388;
0,313342266822769;
0,344974851614269;
0,407321887053202;
0,462857407986873;
0,472927515123921;
0,46368687419583;
0,458542099730036;
0,469641032406022;
0,520338828075067;
0,591151492882799;
0,631183821816912;
0,617881383452001;
0,581934757869381;
0,593700461388216;
0,655712767598654;
0,684987894562067;
0,68147775394871;
0,705833394624745;
0,729304750186329;
0,722005148282373;
0,730832925396134;
0,568328851202933;
0,101990795373432;
-0,14219272068204;
0,00706566039476689;
0,0501546625601092;
0,206903204299715;
0,78583028476744;
1,09240920155479;
0,919056468376547;
0,869262966130614;
0,944157422087223;
0,913041701277908;
0,899441080169375;
0,935283985052989;
0,934125589098572;
0,92898820902314;
0,955389181888617;
0,944310372905325;
0,89259551594935;
0,869777010501114;
0,898297163964639;
0,950509406684935;
0,949926673161549;
0,893139606845248;
0,867368774335865;
0,881092374647333;
0,894340971867179;
0,883516155253913;
0,844326035427013;
0,823865113798565;
0,834201501982361;
0,809167008894073;
0,761150202905724;
0,75760278088797;
0,740415743100588;
0,644406059665501;
0,537132937434633;
0,463742555972951;
0,366401893320643;
0,231923141596074;
0,13118493060117;
0,0954128702128219;
0,0843445028864098;
0,0501789606437083;
-0,00909990596627155;
-0,0619180281798506;
-0,106870717679261;
-0,164935372038322;
-0,223079913319814;
-0,249275556054807;
-0,249045543965974;
-0,256245334780134;
-0,27522156704439;
-0,28471888684603;
-0,281208453575005;
-0,28159488036409;
-0,298830276222511;
-0,330236335132293;
-0,364091613649581;
-0,386988763287966;
-0,393226412804508;
-0,385103040661146;
-0,367979739707821;
-0,351505256401336;
-0,33519931563229;
-0,307362159878392;
-0,273936298499067;
-0,245266244311565;
-0,21055345697973;
-0,163508563359456;
-0,115936966608445;
-0,0735681802821278;
-0,0160186033762456;
0,0695572803605283;
0,168237922014933;
0,182039620624841;
0,0441295636054793;
-0,0490325699005729;
-0,000558019584306976;
0,0185190419871454;
0,127118494847437;
0,447241564405264;
0,604346064350763;
0,541942806158309;
0,592486072769646;
0,508825015783043;
0,0837686255804136;
-0,129476079480693;
0,0107608764664505;
0,0436837773362897;
0,212801781009592;
0,795421842477915;
1,06972617024139;
0,851639350327983;
0,806260650235211;
0,689208719697046;
0,118568132608284;
-0,177857795587858;
0,0138556782595215;
0,0603449974955156;
0,195789733458529;
0,766018828000679;
1,06204397845404;
0,897048243936058;
0,872869753221827;
0,951342750727037;
0,915103828579494;
0,89642832863491;
0,899650278299074;
0,854751712658144;
0,852166297013282;
0,951480379660909;
1,00405870097472;
0,955831554735829;
0,940126803973889;
0,718839630485028;
0,120051057137447;
-0,178895423821005;
0,0121610225726925;
0,0616773950307251;
0,224020271389217;
0,856830580096034;
1,16458525378966;
0,945479318482346;
0,90392063026379;
0,998107712342761;
0,934493768879769;
0,863715691522662;
0,705761907677481;
0,406145900724146;
0,453686842014258;
0,79894230538963;
0,843773027164804;
0,705410443016869;
0,67250924134704;
0,601468815282858;
0,453291360846195;
0,353172436713457;
0,311288450287803;
0,257135632203563;
0,164402337871071;
0,0503910378310532;
-0,0472800497700601;
-0,0955339042610202;
-0,116395512429268;
-0,103686151641672;
-0,023750133071602;
0,0272543287033733;
0,000122439330176939;
-0,0102291329527746;
-0,0430233497916093;
-0,161903594577386;
-0,233155083715367;
-0,222239167174066;
-0,242962977578455;
-0,251383164049091;
-0,191493237293202;
-0,158761593760109;
-0,168241335631085;
-0,143989301118379;
-0,106232677636507;
-0,0922155278319415;
-0,087677332548625;
-0,109986060863931;
-0,150211736441663;
-0,140089654814944;
-0,0750205640485254;
-0,0205290369061388;
-0,0128199429918749;
-0,0180584081772407;
0,0169086521658506;
0,0778317764846931;
0,120056477868358;
0,136701902823309;
0,107108362264473;
0,0321835772404577;
0,0044786324715189;
0,0604196482220919;
0,100500458245127;
0,0809050084373297;
0,0817427174463177;
0,12156296557779;
0,135017720383425;
0,125305559319973;
0,135932125021246;
0,162727769788265;
0,198774155309656;
0,244661407068919;
0,275022277589875;
0,278060436854489;
0,258973051828821;
0,211049273517374;
0,162854116951167;
0,154208052663464;
0,173396373436933;
0,215614466879603;
0,287511181488424;
0,354737117142854;
0,398973853749207;
0,453690908997434;
0,518558980222452;
0,541855368250111;
0,539130394042275;
0,575194639336574;
0,637890481905105;
0,688131655367383;
0,721764517957339;
0,732090959444906;
0,733704150144835;
0,778005867433919;
0,632792742906114;
0,12168999758792;
-0,160530531634665;
0,00571298069287263;
0,0575611246164906;
0,221386215604736;
0,84923808619562;
1,19143348940078;
0,993329027152294;
0,90248945981219;
0,975122989128157;
0,981283699428009;
0,993808276927417;
1,00927788162604;
0,969205086685641;
0,927901139738667;
0,912748840926977;
0,893579884388519;
0,877262828090217;
0,857843542309835;
0,612673896968475;
0,0886615859868294;
-0,147996159986378;
0,013541225104321;
0,0496149173782619;
-0,0260194794994041;
-0,00666976512261796;
0,0120315554490397;
-0,00266705604434561;
-0,00315973208881633;
0,217106176972128;
0,747040541917219;
1,04848325582382;
0,974625769762335;
0,995987341265252;
0,907952746430611;
0,497762668806881;
0,319333143447978;
0,424024667963681;
0,328354781639283;
0,105715779572502;
-0,00138959554735946;
-0,0529424719565828;
-0,128341072020319;
-0,23345919957783;
-0,314287788529868;
-0,238022502349826;
-0,0521970306120224;
-0,0181920339381876;
-0,0806156935717286;
-0,0121652637613433;
0,0742586183603163;
0,0287772519242723;
-0,0709580687330223;
-0,142098480961307;
-0,166536018572321;
-0,129275437212665;
-0,0682103386487759;
-0,0364449447533739;
0,00358077774065249;
0,0822541060091263;
0,123423342035954;
0,0523983148534666;
-0,06035556749407;
-0,0737768771298925;
-0,0231290253535338;
-0,0205664719553444;
-0,0297312642682665;
-0,0179136919322193;
-0,0232720637514113;
-0,0282072101383508;
-0,00985428000839462;
0,00462583875187808;
0,0231149552487426;
0,0618955791171514;
0,0739415107423361;
0,0418591481232128;
0,0153222446182359;
0,0123353259733848;
0,0145605211750971;
0,0260031927620207;
0,0475283667030453;
0,0593658991755508;
0,0605138235161319;
0,0676499260173678;
0,0794100380704632;
0,0878158714581069;
0,102817308752038;
0,0794438249268144;
-0,0400839762942306;
-0,116597737602246;
-0,0136431397198695;
0,109366314704514;
0,103273028312492;
0,0498161273687481;
0,0352491056772453;
0,043026200955791;
0,0502780280774482;
0,0674988181911637;
0,0767056118750169;
0,0546398045499263;
0,035238722906032;
0,0471663478780672;
0,0714880207256489;
0,076153762411657;
0,0326417715215846;
-0,0619028828553787;
-0,153641154725294;
-0,164286394109632;
-0,0930648430969653;
-0,0173557424965795;
0,0291810243029038;
0,0503020736959631;
0,0323783470800757;
-0,00833654268352146;
-0,0260562542629379;
-0,00779149067153619;
0,00752050608142247;
0,000412104086322404;
-0,00297129585083919;
-0,0136538949013963;
-0,0459613095826647;
-0,0520811825764499;
-0,0261659855237886;
-0,0171234831096886;
-0,0176870602179488;
-0,00370730061150984;
0,0048561659363386;
-0,000243751778169518;
-0,00169885371460948;
0,00081006983075558;
0,000262671911706244;
-0,000397661065975621;
7,31497791696253E-5;
0,000110715567746172;
-0,00476110328714063;
-0,0102082760365439;
-0,00344305569125186;
0,0103404351973502;
0,021383416100928;
0,0138481161940909;
-0,00918986949485929;
-0,00838891586966453;
0,0117181878027089;
0,0226168877579193;
0,0196077749888617;
0,00843378797411384;
0,00667953443919549;
0,0121041675358974;
0,0122392803440663;
0,0115871877273251;
0,0103623936953361;
0,00879645147527463;
0,0105202732176457;
0,012152104970216;
0,0101007772146065;
0,00270591770166434;
-0,0025547689619317;
-0,000235250708639659;
0,00106102901427502;
0,00064987174695657;
0,00177800815971091;
0,0021838090567389;
0,00811441296611071;
0,0207336097224289;
0,0278765533539137;
0,0286817860910721;
-0,00450109301326254;
-0,0562310893067643;
-0,0293868969725779;
0,0252842524343978;
0,0186698305075014;
-0,00133018831295282;
-0,00586445603643288;
0,00505922603385253;
0,00850369837003042;
-0,00381139061084772;
0,0046010638024989;
0,00912058507979199;
-0,00307052907588999;
-0,00303919933394205;
-0,000270969193451543;
-4,00871109647646E-6;
0,00187152141520665;
0,00182199832102171;
0,00123265795285777;
0,00156655694504876;
0,00197017103676501;
0,00117477307999606;
0,000237407320379107;
0,00073058768642564;
0,00146626184690483;
0,00221927072511506;
0,00379874532379686;
0,00398634946825408;
0,00467487329765326;
0,0042191499245591;
0,00264446637736678;
0,00224852705696492;
0,00219467190037248;
0,00193256400390968;
0,00179956038986089;
0,00318170462251719;
0,00364651365647627;
0,00394746370177798;
0,0044564449160884;
0,00479360415842744;
0,00447712737729861;
0,00285808527103349;
0,00177450137057189;
0,00154824279001901;
0,00186636632781245;
0,00194893778489572;
0,001811194263213;
0,00168115473450322;
0,00137059056111195;
0,00125179302047253;
0,00243092505759426;
0,00580093948574961;
0,0169450357977787;
0,0215224473299942;
-0,0042630839578719;
-0,0223271854459698;
-0,0087301936522452;
-0,00190982373934725;
0,00315629842617253;
0,0188572452893948;
0,0198653638129087;
0,00916109293400415;
0,00540615128598892;
0,0057435979775543;
0,00474007647439034;
0,0046513879135212;
0,00612614615931947;
0,00693689535152879;
0,00519323983344757;
0,00293643353857851;
0,0025453948762935;
0,00327232520778273;
0,00712776461802973;
0,0118310800607603;
0,00934648206035281;
0,00389111722581953;
0,00584751081668145;
0,0110166945437898;
0,0132071072611627;
0,0167559351509738;
0,0184321385662611;
0,0137587810002353;
0,0105472876669701;
0,0133056433690494;
0,0179413926392132;
0,0181090622175738;
0,013439715835424;
0,010800996449201;
0,0108499843379318;
0,00851243533382543;
0,00561455338416088;
0,00560468668264495;
0,00607043110862079;
0,00792905924691149;
0,0121330897515379;
0,0147923798464378;
0,0149391578593462;
0,0148290180277794;
0,0212357849462955;
0,0350134068197165;
0,0322990837826298;
0,00453262299875922;
-0,00917844219137974;
0,00384181550306421;
0,012563652342178;
0,0119827706984826;
0,015888130250244;
0,0204914486733622;
0,0154356305616875;
0,00912027816712739;
0,0131493505616867;
0,0174727706656993;
0,0156404580990047;
0,0131737068515451;
0,0116144395592967;
0,0133288010809272;
0,0164445196352741;
0,0160179019648;
0,0144928080874783;
0,0140290923731223;
0,0143054328950709;
0,0135648908671935;
0,0119417404932484;
0,0130029875089495;
0,0119249234560309;
0,00621638526653372;
0,00606461923437149;
0,00973408097263981;
0,00500616660166812;
-0,00180137188970972;
-0,000867007843447593;
0,000978434050424197;
-9,76868459920123E-5;
0,000758840786111811;
0,0056167735172129;
0,0133947537697627;
0,0193528450567703;
0,0176283915660496;
0,0100276009984731;
0,00397119197494893;
0,00346267879645258;
0,00540571579636608;
0,00543545123473803;
0,00486258721600473;
0,00563586695374082;
0,00619783791156451;
0,00655178125388648;
0,00623940021584059;
0,00231845247488992;
-0,000700774022657217;
0,00169414847273175;
0,00395425796247096;
0,00466346595236741;
0,00609838470358889;
0,00526711557257918;
0,00375320403857035;
0,00494397580739054;
0,00542808275449217;
0,00410435903501053;
0,0037661266008068;
0,00474334550502473;
0,00543140911926545;
0,00529971141302842;
0,0047795998224167;
0,00407735305929955;
0,0042704307512626;
0,00504898696512001;
0,00411859150205067;
0,00296780163093061;
0,00385523147388646;
0,00419436521087608;
0,00328136792672004;
0,00308221857003446;
0,0036415805990669;
0,00458315010571639;
0,00491261329818494;
0,00426243870743633;
0,0037557948140348;
0,00347282534706418;
0,003541475682619;
0,00440242883060032;
0,004911714917663;
0,00468980878579642;
0,00452325971438677;
0,00424524617310499;
0,00400234556375786;
0,00420647095281693;
0,00463014201673965;
0,00528540356728311;
0,00542263069200398;
0,00378867629511132;
0,00203398478814281;
0,00212882016227217;
0,00304730287212537;
0,00437925805942036;
0,0058521253541154;
0,00619177385677295;
0,00544062549313494;
0,00404854210373896;
0,00322100485139343;
0,00377929552585912;
0,00452737832639385;
0,00503572099693945;
0,00489712674578661;
0,00379540123206216;
0,00347327498579813;
0,00441397985908323;
0,0051979177592702;
0,00488423967956743;
0,00414852711855535;
0,00458297522538292;
0,00538151008245854;
0,00529622236167519;
0,00481168901527741;
0,00440810066461511;
0,00467774458246559;
0,00487641503774109;
0,00383961078799902;
0,00308461039104002;
0,00404064139790731;
0,00493193280573605;
0,00405670622478241;
0,00322264637907593;
0,00361536609249271;
0,00342906950186442;
0,00291611502158724;
0,00347253930103703;
0,00378590962050499;
0,00317966586395944;
0,00308384911309868;
0,0036438054677079;
0,00389692367791808;
0,0043040935906191;
0,00515391890730385;
0,0056691599880805;
0,00564899132486094;
0,00487798370300652;
0,00382849271152426;
0,00338067801839214;
0,00298050265637985;
0,00273812330124852;
0,00379337667342537;
0,00523781048088718;
0,00470960186808223;
0,00321679586919845;
0,00345159114895923;
0,00378726437110586;
0,00328056154242274;
0,00354370090546714;
0,00371208031672766;
0,00384604933909928;
0,00481194081084793;
0,00575653965893831;
0,00562744853356754;
0,00426124274896699;
0,00354573196054782;
0,00405614692786631;
0,00453225557872907;
0,00524284204789853;
0,00588898304532999;
0,00514244041862323;
0,00380247041211774;
0,00319223704381646;
0,00314809155973465;
0,0039925214970062;
0,00545550161566605;
0,0057470552920144;
0,00492983491887192;
0,0043180760378844;
0,00382338517676494;
0,00355050507735293;
0,00384134752491367;
0,00413003574647297;
0,00429516017168394;
0,00481441047908003;
0,00538534157384544;
0,00474906109345807;
0,00368588345379829;
0,00406538482290267;
0,00456579708131747;
0,00425513085932752;
0,00456269904013499;
0,00535049631691285;
0,00508145506396726;
0,00356992420757493;
0,00248867262633898;
0,00301279987822499;
0,0040197920704093;
0,0045641884768244;
0,00503452526021136;
0,00508829071184165;
0,00495367603671367;
0,00528017073616827;
0,00550612798041234;
0,00524556350066632;
0,0048432071413835;
0,0049531064179497;
0,00537199174933665;
0,0053103493319018;
0,0048180744267698;
0,00474398200240034;
0,00506058207914922;
0,00421544995501783;
0,00330373749641258;
0,00405888741252911;
0,00452555226154423;
0,00445942970932175;
0,00486982541773669;
0,0046815901656867;
0,00421315468069569;
0,00424189978703258;
0,00350828370905618;
0,00284830857905464;
0,00443092211788781;
0,0052013214990486;
0,00338922060431286;
0,00260987480780724;
0,00346706686810235;
0,00399888688144623;
0,00411124535703979;
0,00466765281170254;
0,00563341906444319;
0,00577581046137547;
0,00467473406752272;
0,00383161263401039;
0,00402199461688554;
0,00439242913013528;
0,00500823900258944;
0,00561486422346054;
0,0050154632193956;
0,00409868224376317;
0,00412521096080107;
0,00431078939842719;
0,00454203465585747;
0,00503444375614675;
0,00492448598443494;
0,00403022378232445;
0,00274604761662024;
0,00239665660640431;
0,00395871938081255;
0,00569162743052791;
0,0056516335464054;
0,00471472938589734;
0,00490827624207653;
0,00588395868574787;
0,00563685477105632;
0,00400846962461361;
0,00314733576090714;
0,00417266517024586;
0,00582336749464939;
0,00647805703754146;
0,00576957241370906;
0,00475881761824314;
0,00469471965282865;
0,005715413564512;
0,00643331233763241;
0,00581154421268636;
0,00475954003782873;
0,00425572169929507;
0,00420984077876455;
0,00431987773424875;
0,00425703141526465;
0,00413971012679302;
0,00435319661520063;
0,00429866759911103;
0,00357240440125182;
0,00317150167577958;
0,00363391040702647;
0,00436103965784351;
0,00491358234584508;
0,00495188622681678;
0,00440488315866255;
0,00385794194353968;
0,00404154964897398;
0,00468317355785003;
0,00418774335059293;
0,00348709917311592;
0,00486413326138479;
0,00592944089034063;
0,00469472453032988;
0,00370449449379614;
0,00403124758468665;
0,00454934885648664
